{"data_time": 0.011892515583895147, "eta_seconds": 150586.35990452953, "iteration": 19, "loss_ce": 4.23681116104126, "loss_dice": 2.333624005317688, "loss_mask": 1.2484050393104553, "lr": 9.999771999711197e-08, "rank_data_time": 0.011892515583895147, "time": 0.20078716753050685, "total_loss": 7.843859314918518}
{"data_time": 0.012287553516216576, "eta_seconds": 152422.53371559083, "iteration": 39, "loss_ce": 3.8746551275253296, "loss_dice": 2.384092330932617, "loss_mask": 1.2652662992477417, "lr": 9.999531998783176e-08, "rank_data_time": 0.012287553516216576, "time": 0.20437701290939003, "total_loss": 7.53681880235672}
