{"data_time": 0.011892515583895147, "eta_seconds": 150586.35990452953, "iteration": 19, "loss_ce": 4.23681116104126, "loss_dice": 2.333624005317688, "loss_mask": 1.2484050393104553, "lr": 9.999771999711197e-08, "rank_data_time": 0.011892515583895147, "time": 0.20078716753050685, "total_loss": 7.843859314918518}
{"data_time": 0.012287553516216576, "eta_seconds": 152422.53371559083, "iteration": 39, "loss_ce": 3.8746551275253296, "loss_dice": 2.384092330932617, "loss_mask": 1.2652662992477417, "lr": 9.999531998783176e-08, "rank_data_time": 0.012287553516216576, "time": 0.20437701290939003, "total_loss": 7.53681880235672}
{"data_time": 0.015517133055254817, "eta_seconds": 151718.59721099027, "iteration": 59, "loss_ce": 4.299254894256592, "loss_dice": 2.3867344856262207, "loss_mask": 1.2176275849342346, "lr": 9.999291997215119e-08, "rank_data_time": 0.015517133055254817, "time": 0.20168640103656799, "total_loss": 7.824934244155884}
{"data_time": 0.014393997145816684, "eta_seconds": 151751.28021931276, "iteration": 79, "loss_ce": 3.845147132873535, "loss_dice": 2.4374382495880127, "loss_mask": 1.214441955089569, "lr": 9.999051995007007e-08, "rank_data_time": 0.014393997145816684, "time": 0.20324263290967792, "total_loss": 7.410443186759949}
{"data_time": 0.012184562161564827, "eta_seconds": 151128.92098785378, "iteration": 99, "loss_ce": 3.8986860513687134, "loss_dice": 2.369629740715027, "loss_mask": 1.2501663565635681, "lr": 9.99881199215882e-08, "rank_data_time": 0.012184562161564827, "time": 0.19887397601269186, "total_loss": 7.496722042560577}
{"data_time": 0.013170407968573272, "eta_seconds": 151488.01119589247, "iteration": 119, "loss_ce": 3.6983035802841187, "loss_dice": 2.4616587162017822, "loss_mask": 1.1784588694572449, "lr": 9.998571988670541e-08, "rank_data_time": 0.013170407968573272, "time": 0.20312649512197822, "total_loss": 7.451386570930481}
{"data_time": 0.012578580528497696, "eta_seconds": 151151.6186017054, "iteration": 139, "loss_ce": 3.6754060983657837, "loss_dice": 2.3462960720062256, "loss_mask": 1.1965402960777283, "lr": 9.998331984542149e-08, "rank_data_time": 0.012578580528497696, "time": 0.20142949640285224, "total_loss": 7.298887193202972}
{"data_time": 0.011583384010009468, "eta_seconds": 151239.1598861292, "iteration": 159, "loss_ce": 3.8659297227859497, "loss_dice": 2.405802011489868, "loss_mask": 1.198712408542633, "lr": 9.998091979773628e-08, "rank_data_time": 0.011583384010009468, "time": 0.20198391808662564, "total_loss": 7.406101167201996}
{"data_time": 0.01527250709477812, "eta_seconds": 151235.1259812992, "iteration": 179, "loss_ce": 3.4840848445892334, "loss_dice": 2.375096559524536, "loss_mask": 1.169665813446045, "lr": 9.997851974364956e-08, "rank_data_time": 0.01527250709477812, "time": 0.2016511099645868, "total_loss": 7.213676691055298}
{"data_time": 0.01565577951259911, "eta_seconds": 151471.84988888912, "iteration": 199, "loss_ce": 3.762765407562256, "loss_dice": 2.3522863388061523, "loss_mask": 1.2118853330612183, "lr": 9.997611968316117e-08, "rank_data_time": 0.01565577951259911, "time": 0.20370284281671047, "total_loss": 7.35652369260788}
{"data_time": 0.013991812476888299, "eta_seconds": 151333.0214842409, "iteration": 219, "loss_ce": 3.5852848291397095, "loss_dice": 2.4344069957733154, "loss_mask": 1.2313954830169678, "lr": 9.997371961627091e-08, "rank_data_time": 0.013991812476888299, "time": 0.20066352852154523, "total_loss": 7.203634560108185}
{"data_time": 0.011141224997118115, "eta_seconds": 151259.91509635, "iteration": 239, "loss_ce": 3.496638298034668, "loss_dice": 2.4319591522216797, "loss_mask": 1.1846287250518799, "lr": 9.99713195429786e-08, "rank_data_time": 0.011141224997118115, "time": 0.20072763832286, "total_loss": 6.928747206926346}
{"data_time": 0.012308364966884255, "eta_seconds": 151307.3742090608, "iteration": 259, "loss_ce": 3.2926766872406006, "loss_dice": 2.4879552125930786, "loss_mask": 1.243668258190155, "lr": 9.996891946328403e-08, "rank_data_time": 0.012308364966884255, "time": 0.20378543541301042, "total_loss": 7.011511445045471}
{"data_time": 0.009115873486734927, "eta_seconds": 151251.8453185493, "iteration": 279, "loss_ce": 3.5457725524902344, "loss_dice": 2.414148688316345, "loss_mask": 1.2090437412261963, "lr": 9.996651937718703e-08, "rank_data_time": 0.009115873486734927, "time": 0.1974729155190289, "total_loss": 7.220899701118469}
{"data_time": 0.009719418594613671, "eta_seconds": 151069.00919649052, "iteration": 299, "loss_ce": 3.4289826154708862, "loss_dice": 2.361013650894165, "loss_mask": 1.2075603604316711, "lr": 9.996411928468743e-08, "rank_data_time": 0.009719418594613671, "time": 0.19814166892319918, "total_loss": 6.867775499820709}
{"data_time": 0.013888415531255305, "eta_seconds": 151115.33544038422, "iteration": 319, "loss_ce": 3.4949305057525635, "loss_dice": 2.374961495399475, "loss_mask": 1.1467459201812744, "lr": 9.9961719185785e-08, "rank_data_time": 0.013888415531255305, "time": 0.2036323935026303, "total_loss": 6.9439995884895325}
{"data_time": 0.013884153449907899, "eta_seconds": 151111.3039780152, "iteration": 339, "loss_ce": 3.3103251457214355, "loss_dice": 2.371788740158081, "loss_mask": 1.1939966082572937, "lr": 9.995931908047959e-08, "rank_data_time": 0.013884153449907899, "time": 0.2015030519105494, "total_loss": 6.8527302742004395}
{"data_time": 0.010716750519350171, "eta_seconds": 151107.27251564618, "iteration": 359, "loss_ce": 3.1536805629730225, "loss_dice": 2.4269102811813354, "loss_mask": 1.2089614272117615, "lr": 9.9956918968771e-08, "rank_data_time": 0.010716750519350171, "time": 0.20094747806433588, "total_loss": 6.543213576078415}
{"data_time": 0.011441870592534542, "eta_seconds": 151018.07938402286, "iteration": 379, "loss_ce": 3.3031842708587646, "loss_dice": 2.406381607055664, "loss_mask": 1.1582751870155334, "lr": 9.995451885065903e-08, "rank_data_time": 0.011441870592534542, "time": 0.19760612142272294, "total_loss": 6.899287045001984}
{"data_time": 0.009782808017916977, "eta_seconds": 151014.0501937829, "iteration": 399, "loss_ce": 3.03870952129364, "loss_dice": 2.3997610807418823, "loss_mask": 1.1913709044456482, "lr": 9.995211872614349e-08, "rank_data_time": 0.009782808017916977, "time": 0.20076723909005523, "total_loss": 6.644741415977478}
{"data_time": 0.013825672562234104, "eta_seconds": 151017.71241609938, "iteration": 419, "loss_ce": 3.020159602165222, "loss_dice": 2.3966829776763916, "loss_mask": 1.1261731386184692, "lr": 9.994971859522421e-08, "rank_data_time": 0.013825672562234104, "time": 0.20182932738680393, "total_loss": 6.510080575942993}
{"data_time": 0.014642239431850612, "eta_seconds": 151005.99181330297, "iteration": 439, "loss_ce": 2.673298478126526, "loss_dice": 2.433334231376648, "loss_mask": 1.1871540546417236, "lr": 9.9947318457901e-08, "rank_data_time": 0.014642239431850612, "time": 0.20127563900314271, "total_loss": 6.385295391082764}
{"data_time": 0.011491899844259024, "eta_seconds": 150983.91741923057, "iteration": 459, "loss_ce": 2.644180417060852, "loss_dice": 2.4158637523651123, "loss_mask": 1.143471896648407, "lr": 9.994491831417367e-08, "rank_data_time": 0.011491899844259024, "time": 0.1999015265610069, "total_loss": 6.318863093852997}
{"data_time": 0.013165445998311043, "eta_seconds": 151005.62422972172, "iteration": 479, "loss_ce": 2.9053003787994385, "loss_dice": 2.439876675605774, "loss_mask": 1.1318413019180298, "lr": 9.994251816404201e-08, "rank_data_time": 0.013165445998311043, "time": 0.20341201592236757, "total_loss": 6.518280923366547}
{"data_time": 0.014680751482956111, "eta_seconds": 150910.71539133554, "iteration": 499, "loss_ce": 2.9527313709259033, "loss_dice": 2.420167565345764, "loss_mask": 1.1690170764923096, "lr": 9.994011800750587e-08, "rank_data_time": 0.014680751482956111, "sem_seg/ACC-American Mountain-Ash": 70.87303325447499, "sem_seg/ACC-Background": 40.97559659647258, "sem_seg/ACC-Black Spruce": 32.949546485260775, "sem_seg/ACC-Blueberry": 0.0,