{"data_time": 0.008260880538728088, "eta_seconds": 146170.16111448058, "iteration": 19, "loss_ce": 5.659677028656006, "loss_dice": 2.3672800064086914, "loss_mask": 0.8698872327804565, "lr": 9.999771999711198e-06, "rank_data_time": 0.008260880538728088, "time": 0.1948987454525195, "total_loss": 8.867343097925186}
{"data_time": 0.00797776848776266, "eta_seconds": 145985.31169230817, "iteration": 39, "loss_ce": 5.057240962982178, "loss_dice": 2.504061698913574, "loss_mask": 1.034551203250885, "lr": 9.999531998783177e-06, "rank_data_time": 0.00797776848776266, "time": 0.19443059398327023, "total_loss": 8.57515212893486}
{"data_time": 0.007995281484909356, "eta_seconds": 146629.51634404482, "iteration": 59, "loss_ce": 5.282181024551392, "loss_dice": 2.275540590286255, "loss_mask": 0.9205719232559204, "lr": 9.99929199721512e-06, "rank_data_time": 0.007995281484909356, "time": 0.19892679702024907, "total_loss": 8.462096273899078}
{"data_time": 0.00821555993752554, "eta_seconds": 147799.11825365387, "iteration": 79, "loss_ce": 4.882569074630737, "loss_dice": 2.1811208724975586, "loss_mask": 0.9285805225372314, "lr": 9.99905199500701e-06, "rank_data_time": 0.00821555993752554, "time": 0.1995356804691255, "total_loss": 8.016077131032944}
{"data_time": 0.008199699979741126, "eta_seconds": 148006.7221742589, "iteration": 99, "loss_ce": 4.437769412994385, "loss_dice": 2.082879900932312, "loss_mask": 0.8951196074485779, "lr": 9.99881199215882e-06, "rank_data_time": 0.008199699979741126, "time": 0.1982185224769637, "total_loss": 7.35169917345047}
{"data_time": 0.0076883030706085265, "eta_seconds": 147814.84436416067, "iteration": 119, "loss_ce": 4.221904993057251, "loss_dice": 2.0429810285568237, "loss_mask": 0.8974883258342743, "lr": 9.998571988670543e-06, "rank_data_time": 0.0076883030706085265, "time": 0.19663631200091913, "total_loss": 7.120244145393372}
{"data_time": 0.007861772552132607, "eta_seconds": 147729.24450914375, "iteration": 139, "loss_ce": 4.078906059265137, "loss_dice": 2.034963846206665, "loss_mask": 0.942126452922821, "lr": 9.99833198454215e-06, "rank_data_time": 0.007861772552132607, "time": 0.19460584345506504, "total_loss": 7.07670983672142}
{"data_time": 0.00800650956807658, "eta_seconds": 147319.52235338744, "iteration": 159, "loss_ce": 4.172970294952393, "loss_dice": 2.110356092453003, "loss_mask": 0.9774304330348969, "lr": 9.998091979773629e-06, "rank_data_time": 0.00800650956807658, "time": 0.18790152698056772, "total_loss": 7.328163683414459}
{"data_time": 0.008236940542701632, "eta_seconds": 147721.36414510198, "iteration": 179, "loss_ce": 3.738067626953125, "loss_dice": 1.9542868733406067, "loss_mask": 0.952470988035202, "lr": 9.997851974364958e-06, "rank_data_time": 0.008236940542701632, "time": 0.19974687951616943, "total_loss": 6.805725932121277}
{"data_time": 0.008720675017684698, "eta_seconds": 148090.43855558848, "iteration": 199, "loss_ce": 4.108045816421509, "loss_dice": 2.2114126682281494, "loss_mask": 0.9688594341278076, "lr": 9.997611968316118e-06, "rank_data_time": 0.008720675017684698, "time": 0.2028674345347099, "total_loss": 7.3863542675971985}
{"data_time": 0.008495101996231824, "eta_seconds": 148351.01190556074, "iteration": 219, "loss_ce": 3.988857865333557, "loss_dice": 2.0922632217407227, "loss_mask": 0.924699604511261, "lr": 9.997371961627092e-06, "rank_data_time": 0.008495101996231824, "time": 0.19915730447974056, "total_loss": 7.205030858516693}
{"data_time": 0.008428686473052949, "eta_seconds": 148082.5382921286, "iteration": 239, "loss_ce": 3.8517849445343018, "loss_dice": 2.083493709564209, "loss_mask": 0.9271596372127533, "lr": 9.99713195429786e-06, "rank_data_time": 0.008428686473052949, "time": 0.19497500447323546, "total_loss": 6.829324543476105}
{"data_time": 0.0080538559705019, "eta_seconds": 148169.39065746148, "iteration": 259, "loss_ce": 3.7718995809555054, "loss_dice": 1.9624499678611755, "loss_mask": 0.9818364381790161, "lr": 9.996891946328405e-06, "rank_data_time": 0.0080538559705019, "time": 0.19819852447835729, "total_loss": 6.666426181793213}
{"data_time": 0.008184917503967881, "eta_seconds": 148165.4381034919, "iteration": 279, "loss_ce": 3.389397621154785, "loss_dice": 1.971090853214264, "loss_mask": 0.9189213216304779, "lr": 9.996651937718705e-06, "rank_data_time": 0.008184917503967881, "time": 0.19859385496238247, "total_loss": 6.110694378614426}
{"data_time": 0.008045836992096156, "eta_seconds": 147882.80256960425, "iteration": 299, "loss_ce": 3.4706095457077026, "loss_dice": 2.1076802015304565, "loss_mask": 0.955595463514328, "lr": 9.996411928468744e-06, "rank_data_time": 0.008045836992096156, "time": 0.19415255705825984, "total_loss": 6.641635000705719}
{"data_time": 0.008026316994801164, "eta_seconds": 147775.4207645543, "iteration": 319, "loss_ce": 3.2318179607391357, "loss_dice": 1.9566875100135803, "loss_mask": 0.9376126527786255, "lr": 9.996171918578502e-06, "rank_data_time": 0.008026316994801164, "time": 0.19362890243064612, "total_loss": 6.160331040620804}
{"data_time": 0.007850265537854284, "eta_seconds": 147640.39922459284, "iteration": 339, "loss_ce": 3.7383110523223877, "loss_dice": 2.0034216046333313, "loss_mask": 0.9168591201305389, "lr": 9.99593190804796e-06, "rank_data_time": 0.007850265537854284, "time": 0.18854480248410255, "total_loss": 6.550155013799667}
{"data_time": 0.0077522084466181695, "eta_seconds": 147685.902506914, "iteration": 359, "loss_ce": 3.6366387605667114, "loss_dice": 1.9959524273872375, "loss_mask": 0.9449255466461182, "lr": 9.995691896877101e-06, "rank_data_time": 0.0077522084466181695, "time": 0.1985744445119053, "total_loss": 6.574733734130859}
{"data_time": 0.00808956555556506, "eta_seconds": 147357.5571309682, "iteration": 379, "loss_ce": 3.299143075942993, "loss_dice": 1.8988038301467896, "loss_mask": 0.8897979557514191, "lr": 9.995451885065903e-06, "rank_data_time": 0.00808956555556506, "time": 0.18986810703063384, "total_loss": 6.088959217071533}
{"data_time": 0.007814580050762743, "eta_seconds": 147678.0221428722, "iteration": 399, "loss_ce": 3.818563222885132, "loss_dice": 1.9823079109191895, "loss_mask": 0.9064263999462128, "lr": 9.995211872614349e-06, "rank_data_time": 0.007814580050762743, "time": 0.2014700180152431, "total_loss": 6.678402662277222}
{"data_time": 0.0078046550042927265, "eta_seconds": 147234.34492276632, "iteration": 419, "loss_ce": 3.5483508110046387, "loss_dice": 2.083197236061096, "loss_mask": 0.9432663023471832, "lr": 9.994971859522422e-06, "rank_data_time": 0.0078046550042927265, "time": 0.18647162994602695, "total_loss": 6.7375834584236145}
{"data_time": 0.007776827027555555, "eta_seconds": 147115.1700916537, "iteration": 439, "loss_ce": 3.424456477165222, "loss_dice": 2.030095934867859, "loss_mask": 0.9062568843364716, "lr": 9.994731845790102e-06, "rank_data_time": 0.007776827027555555, "time": 0.19241480145137757, "total_loss": 6.4621482491493225}
{"data_time": 0.007713521015830338, "eta_seconds": 147440.64248244395, "iteration": 459, "loss_ce": 3.8248047828674316, "loss_dice": 2.1006200313568115, "loss_mask": 0.9703371226787567, "lr": 9.994491831417367e-06, "rank_data_time": 0.007713521015830338, "time": 0.19961549498839304, "total_loss": 6.641928851604462}
{"data_time": 0.008060268475674093, "eta_seconds": 147436.70831902418, "iteration": 479, "loss_ce": 3.216447114944458, "loss_dice": 2.1091290712356567, "loss_mask": 0.9509888589382172, "lr": 9.994251816404203e-06, "rank_data_time": 0.008060268475674093, "time": 0.19699359650257975, "total_loss": 6.097411036491394}
