mean_precision,mean_recall,mean_f1
0.44366931787489045,0.44253883216940804,0.40691432819412854
