mean_precision,mean_recall,mean_f1
0.4507503801211214,0.4984767898147283,0.43821659270659924
