mean_precision,mean_recall,mean_f1
0.4904497164934299,0.4906647656745087,0.45555100283135475
